name,street,postal_code,city,country,phone,email,website
Albutat-ElektroPlusSicherheit GmbH & CoKG,Osterbergstraße 22,30900,Wedemark,DE,+49 5131 906440,info@elektroundsicherheit.de,https://elektroundsicherheit.de/
André Schröder Elektrotechnik GmbH & Co.KG,Blumenland,32699,Extertal,DE,+49 5754 92177,info@elektrotechnik-extertal.de,https://elektrotechnik-extertal.de/
ADC Elektronik GmbH,Östingstr. 13b,59063,Hamm,DE,+49 2381 915910,info@adc-computer.de,https://shop.adc-computer.de/
Andreas Schöler Elektrotechnik,Baumschulenweg 7,59348,Lüdinghausen,DE,+49 2591 9880645,info@schoeler-elektro.de,https://www.schoeler-elektro.de/
Sinn Elektrotechnik GmbH,Jahnstraße 56,72127,Kusterdingen,DE,+49 7071 32675,info@sinn-elektrotechnik.de,https://sinn-elektrotechnik.de/
Weiss Elektrotechnik GmbH,Hofmarkstr. 2,84381,Johanniskirchen,DE,+49 8564 9629914,info@weiss-trafo.de,https://www.weiss-trafo.de/
Anderl Elektrotechnik,Reifenberg 112,91365,Weilersbach,DE,+49 174 3142775,horst@anderl.eu,https://anderl.eu/
VER-zahn-T GmbH,Postweg 54,1796,Pirna,DE,+49 3501 7597707,christina.zahn@verzahnt.net,https://verzahnt.net/
Median 5 IV GmbH,Droyßiger Weg 56,6188,Hohenthurm,DE,+49 34602 43650,kontakt@median5.com,https://median5.com/
Elektro M.I.T. OG,Rennweg 66,1030,Wien,AT,+43 699 11605917,office@elektro-mit.at,https://www.elektro-mit.at/
Elektro-Diekhoff GmbH,Schönerlinder Straße 51,13127,Berlin,DE,+49 30 4742022,info@elektro-diekhoff.de,https://www.elektro-diekhoff.de/
KINTLEIN & OSE GMBH & CO. KG,Spiekermannstraße 31a,13189,Berlin,DE,+49 30 91744156,info@kintlein-ose.de,https://kintlein-ose.de/
GSE Green Solar Energy GmbH,Alte Göhlsdorfer Str. 10,14797,Kloster Lehnin,DE,+49 491 784621538,info@gse-greensolarenergy.de,https://www.gse-greensolarenergy.de/
Future Fox GmbH,Hasenböge 2f,21514,Klein Pampau,DE,+49 160 90321182,service@futurefox.eu,https://futurefox-greendeal.de/
Hatecke Verwaltungs-GmbH,Am Ruthenstrom 1,21706,Drochtersen,DE,+49 4143 91520,contact@hatecke.de,https://hatecke.de/
Huemmer Elektrotechnik GmbH,Gaußstr. 158,22765,Hamburg,DE,+49 40 39866634,info@huemmer.com,https://www.huemmer.com/
IMS Erneuerbare Energien GmbH,Tycho-Brahe-Kehre 11,22844,Norderstedt,DE,+49 40 357340060,info@ims-ee.de,https://www.ims-ee.de/
Grünes E,Ellerrehm 2,24806,Hohn,DE,+49 174 2718798,info@gruenes-e.de,https://gruenes-e.de/
Elektrotechnik Groenewold + Reichow GbR,An der Eiche 8,26487,Blomberg,DE,+49 4977 9388888,info@elektro-gr.de,
VE-Elektrotechnik UG,Am Kanal 35,26935,Stadland-Kleinensiel,DE,+49 172 7386070,info@ve-elektrotechnik.de,https://www.ve-elektrotechnik.de/
Wynton Grund,Waffensener Dorfstraße 21,27356,Rotenburg Wümme,DE,+49 160 96772766,win@win-elektrotechnik.de,https://www.win-elektrotechnik.de/
Elektro Mesterharm,Grasweg 18-22,27607,Geestland,DE,+49 4743 3226077,info@elektro-mesterharm.de,https://www.elektro-mesterharm.de/
Elektro Schultz GmbH,Grünstr. 11,29664,Walsrode,DE,+49 5161 3515,info@elektro-schultz.de,https://www.elektro-schultz.de/
Elektroinstallation & Dienstleistung,Leeser Str. 50,31547,Rehburg-Loccum,DE,+49 1511 6547936,d.j.elektroinstallationen@t-online.de,https://jürgensen-elektroinstallationen.de
Elektro-Dirker GmbH & Co.KG,Kuhlenweg 18,32130,Enger,DE,+49 5224 2793,info@elektrodirker.de,https://elektrodirker.de/
Solar und Strom GmbH,Daimlerring 43,32289,Rödinghausen,DE,+49 5223 7931636,kontakt@solarundstrom.de,https://www.solarundstromgmbh.com/
Uwe Wiemann GmbH & Co.KG,Karl-Arnold-Str. 9,32339,Espelkamp,DE,+49 5772 977913,info@wiemann.de,https://www.wiemann.de/
beSmart GmbH,Dingelkamp 4,32549,Bad Oeynhausen,DE,+49 5731 28970,info@besmart.gmbh,https://besmart.gmbh/
SUNARO Group GmbH,Höltkebruchstr. 66,32602,Vlotho,DE,+49 5733 9719010,info@sunaro.de,https://www.sunaro.de/
Bettführ Elektrotechnik GmbH,Windmühlenstr. 4,32689,Kalletal,DE,+49 5264 65123,Bettfuehr-elektro@t-online.de,http://www.bettfuehr-elektro.de/
Hommel Elektrotechnik,Heidknapp 17a,32791,Lage,DE,+49 5232 8037789,info@hom-etec.de,https://www.hom-etec.de/
Elektro-Niemann,Marktstr. 1,32816,Schieder-Schwalenberg,DE,+49 5284 94414,info@elektro-niemann.net,https://elektro-niemann.hier-im-netz.de/
Berwalt Elektrotechnik,Tannenweg 2a,33142,Büren,DE,+49 2951 9481836,Info@berwalt-et.de,https://berwalt-elektrotechnik.jimdosite.com
ELEKTRO ALBERS GmbH & Co. KG,Ewertstraße 13,33154,Salzkotten,DE,+49 5258 98330,info@elektro-albers.de,https://www.elektro-albers.de/
Elektro Fortmeier,Alte Poststrasse 110,33161,Hövelhof,DE,+49 5207 9872620,info@elektro-fortmeier.de,https://www.elektro-fortmeier.de/
Elektrotechnik Brink,Hölscherweg 55,33161,Hövelhof,DE,+49 5257 934040,j.brink@etb-automation.de,https://www.etb-automation.de/
Henrich Schröder GmbH,Haller Str. 236,33334,Gütersloh-Isselhorst,DE,+49 5241 96040,info@henrich-schroeder.de,https://henrich-schroeder.de/
Elektrotechnik Safar,Alpenrosenstraße 7,33335,Gütersloh,DE,+49 171 8070385,info@elektrosafar.de,https://elektrosafar.de/
Elektro Holtkamp GmbH,Kernekampstraße 11,33378,Rheda-Wiedenbrück,DE,+49 5245 84040,info@elektro-holtkamp.de,https://elektro-holtkamp.de/
"Elektro Kerkemeier, Ihn. Michael Kerkemeier",Bokeler Str. 53,33397,Rietberg,DE,+49 5244 401550,info@elektro-kerkemeier.de,https://f-kerkemeier.jimdoweb.com/
Elektro-Bergmeier GmbH & Co. KG,Lerchenweg 2,33397,Rietberg,DE,+49 5244 2021,Info@elektrobergmeier.de,https://elektrobergmeier.de/
BSM GmbH,Am Lenkwerk 9,33609,Bielefeld,DE,+49 521 922330,info@bsm-einkauf.de,https://www.bsm-einkauf.de/
SonnenVista GmbH,Westerfeldstraße 22,33611,Bielefeld,DE,+49 521 98639373,info@sonnenvista.de,https://sonnenvista.de/
Sonnenenergie Bielefeld GmbH,Am Niggen Hoff 21,33689,Bielefeld,DE,+49 5205 7699079,info@sonnenenergie-bi.de,https://sonnenenergie-bi.de/
WEBERtec Elektrotechnik,Malachitstraße 17,33739,Bielefeld,DE,+49 5206 7057813,info@webertec-elektrotechnik.de,https://webertec-elektrotechnik.de/
Domberg Industries,Oestervenn 37,33758,Schloß Holte-Stukenbrock,DE,+49 5207 9295037,info@dombergelektrotechnik.de,https://dombergelektrotechnik.de
Elektro Dresselhaus,Holter Str. 271,33758,Schloß Holte-Stukenbrock,DE,+49 5207 91190,info@elektrodresselhaus.de,https://www.elektrodresselhaus.de/
Elektro Lauer GmbH & Co. KG,Dopheide 80,33758,Schloß Holte-Stukenbrock,DE,+49 5207 922526,info@elektrolauer-shs.de,https://elektrolauer-shs.de/
Elektro Mersch GmbH,Alter Markt 4,33758,Schloß Holte-Stukenbrock,DE,+49 5207 91240,info@elektro-mersch.de,https://www.elektro-mersch.de/
Warsow Elektrotechnik,Kaunitzer Str. 24-28,33758,Schloß Holte-Stukenbrock,DE,+49 5207 5157383,info@warsow-elektrotechnik.de,https://www.warsow-elektrotechnik.de/
Elektrotechnik-Ellwart,Hölmerweg 22,33775,Versmold,DE,+49 1512 3477754,info@elektrotechnik-ellwart.de,https://elektrotechnik-ellwart.de/
Rehse Elektrotechnik,Speckstraße 13,33775,Versmold,DE,+49 5423 9315783,info@rehse-elektrotechnik.de,https://rehse-elektrotechnik.de/
Dirk Kemner Elektro,"Ernteweg, 14",33790,Halle / Westf.,DE,+49 5201 9732,kemnerelektro@aol.com,
Detlef Kreutz Elektrotechnik,Goethestraße 11,33818,Leopoldshöhe,DE,+49 5202 9243540,info@kreutz-elektrotechnik.de,https://www.kreutz-elektrotechnik.de/
Elektro Brink GmbH & Co. KG,Hauptstr. 9,33818,Leopoldshöhe,DE,+49 5208 206,info@elektro-brink.de,https://www.elektro-brink.de/
JK ELEKTROTECHNIK,Holländische Str. 35,34379,Calden,DE,+49 5674 7467114,info@elektro-jk-technik.de,https://www.elektro-jk-technik.de/
Kreie & Kreie GbR,Egelsberg 16,34434,Borgentreich,DE,+49 5645 2083208,web@krk-elektrotechnik.de,https://krk-elektrotechnik.de/
Elektrotechnik Ziesmann,Michelsteinstraße 1,36088,Hünfeld,DE,+49 1525 5309384,info@e-ziesmann.de,https://e-ziesmann.de/
Tobias Große Elektrotechnik,Koppelweg 8,37130,Gleichen,DE,+49 5508 923600,info@grosse-elektrotechnik.de,https://www.grosse-elektrotechnik.de/
Gast & Partner GmbH,Pillmannstraße 21,38112,Braunschweig,DE,+49 531 2906150,info@gast-partner.de,https://www.gast-partner.de/
Peter Slykerman,Karlbaderstr.27,41236,Mönchengladbach,DE,+49 2166 22133,info@slykermann.de,https://www.slykermann.de/
Elektrotechnik Michael Rzeznicki,Sohlweg 78,41372,Niederkrüchten,DE,+49 2163 4998991,info@elektro-mr.de,https://elektro-mr.de/
CHIP Elektrotechnik GmbH,Neudorf 19,4170,Haslach,DE,+43 660 7544100,office@chip-technik.at,https://www.chip-technik.at/
Michael Pony GmbH,Rhönstr. 8,42349,Wuppertal,DE,+49 202 2950640,info@pony-gmbh.de,
O. & W. Hartkopf Elektrotechnik e.K.,Rathausstr. 7,42659,Solingen,DE,+49 212 45746,info@elektrohartkopf.de,https://elektrohartkopf.de/
Entasi Elektrotechnik UG,Borussiastraße 7,44149,Dortmund,DE,+49 231 99953680,info@entasi.tech,https://www.entasi.tech/
Elektrotechnik Henneberg GmbH,Kampstr. 25,44579,Castrop-Rauxel,DE,+49 2305 890163,info@elektro-henneberg.de,https://elektro-henneberg.de/
Solar (er-)leben UG ,Ahrfeldstr. 52,45136,Essen,DE,+49 175 2503793,bransmoeller@solarerleben.de,https://solarerleben.de/
Soltec Reimann GmbH,Kölner Str. 239 B1,45481,Mülheim an der Ruhr,DE,+49 208 485416,info@soltec-solar.de,https://www.soltec-solar.de/
Elektro Hollan,Karlstr. 34,45739,Oer-Erkenschwick,DE,+49 2368 98700,elektro@hollan.de,https://hollan.de/
L&N Elektrotechnik ,Bertastr.13,47661,Issum,DE,+49 1522 7975607,info@ln-elektro.de,
EKA Elektroanlagen GmbH & Co.KG,Gewerbepark Oedt 1,47929,Grefrath,DE,+49 2158 951957,kontakt@eka-tebyl.de,https://eka-tebyl.de/
Martin Schulte Elektrotechnik GmbH & Co. KG,Heidestraße 11c,48167,Münster,DE,+49 251 616136,info@schulteelektrotechnik.de,https://www.schulteelektrotechnik.de/
Heeke Der Fachmarkt für Haus- und Hoftechnik OHG,Gewerbepark 21,48480,Schapen,DE,+49 5458 93000,info@heeke-fachmarkt.de,https://heeke-fachmarkt.de/
CMN Solutions GmbH,Wahrkamp 2d,48653,Coesfeld,DE,,support@cmn-solutions.de,https://cmn-solutions.de/
Elektrotechnik Krott,Uhlenberg 5,48734,Reken,DE,+49 2864 72015,r.krott@Elektrotechnik-krott-reken.de,https://www.elektrotechnik-krott-reken.de/
Weinsberg ElektroTechnik,Atterstraße 64,49090,Osnabrück,DE,+49 541 62062,info@weinsberg-et.de,https://mw-os.de/
Bahr GmbH,Am Buerschen Feld 5,49328,Melle - Buer,DE,+49 5427 94020,info@bahrgmbh.de,http://bahrgmbh.de/
Elektrotechnik Behr,Tilsiter Str. 12,49624,Löningen,DE,+49 5432 3192,info@behr-elektrotechnik.de,https://www.behr-elektrotechnik.de/
Elektro Koopmann GmbH,Zum Brook 19-21,49661,Cloppenburg,DE,+49 4471 94940,info@hk-c.de,https://hk-c.de/
Elektro Zavelberg GmbH,Ahrstraße 12,53505,Kirchsahr,DE,+49 2643 1285,elektro-zavelberg-gmbh@kirchsahr.de,
Backwind Energy GmbH,Taunusstraße 59-61,55118,Mainz,DE,+49 6131 2767004,info@backwind.de,https://www.backwind.de/
Photovoltaik Schröder GmbH & Co. KG,Kreuztaler Straße 1,57482,Wenden,DE,+49 1525 9805667,ets@schroeder-elektrotechnik.de,https://schroeder-photovoltaik.de/
Güting Elektrotechnik GmbH & Co. KG,Tannenstraße 11,58332,Schwelm,DE,+49 2336 4959910,info@gueting-elektrotechnik.de,https://www.gueting-elektrotechnik.de/
Elektroanlagen Philipp Gundermann,Am Dorfplatz 5,58769,Nachrodt-Wiblingwerde,DE,+49 2352 30807,info@elektro-gundermann.de,https://www.elektro-gundermann.de/
Elektro Energy GmbH & Co. KG,Schinkelstraße 89-91,59227,Ahlen,DE,+49 2382 7744050,info@elektro-energy.de,https://www.elektro-energy.de/
Sunsibar Sonnenenergie &Speichertechnik GmbH,Robert-Bosch-Straße 21,59348,Lüdinghausen,DE,+49 172 5631585,info@sunsibar-solar.de,https://sunsibar-solar.de/
Gebäudetechnik Hanning,Blumenstraße 10,59379,Selm,DE,+49 2592 981129,elektrohanning@t-online.de,https://hanning-gebäudetechnik.de
Berch Elektrotechnik,Im Hopfengarten 4,59581,Warstein,DE,+49 162 6892308,rberch@gmx.de,
E-MAX Elektrotechnik e.U.,Am Rain 46,6250,Kundl,AT,+43 660 9055404,info@e-max.tirol,https://e-max.tirol/
ULLTECH AG Haustechnik und Dienstleistungen,Magnolienweg 25,63741,Aschaffenburg,DE,+49 6021 386530,info@ulltech-ag.de,https://ulltech.de/
Geis GmbH,Wiesthaler Weg 16,63871,Heinrichsthal,DE,+49 6020 1685,edv@geis-gmbh.de,https://geis-gmbh.de/
Enormenergie GmbH,Kurhessenstraße 13,64546,Mörfelden-Walldorf,DE,+49 6105 7038232,info@enormenergie.de,https://enormenergie.de/
Elektro- u. Automatisierungstechnik,Am Neuen Graben 3,64859,Eppertshausen,DE,+49 6071 289890,info@edh-gmbh.de,https://www.edh-gmbh.de/
Horst Schreiner Elektroanlagen GmbH,Turmstraße 16,65205,Wiesbaden,DE,+49 6122 98350,info@schreinerelektroanlagen.de,https://www.schreinerelektroanlagen.de/
Elektro Jürgen Hertling GmbH,Fasanerieweg 13,66121,Saarbrücken,DE,+49 681 815256,info@elektro-hertling.de,http://elektro-hertling.de/
Energy Home GmbH,Walther-Nothelfer-Straße 5,66687,Wadern,DE,+49 6871 5009650,info@energy-home.solar,https://energy-home.solar/
Elektrotechnik Menzel GmbH,Englerstraße 20,69126,Heidelberg,DE,+49 6221 647070,info@et-menzel.de,https://www.elektrotechnik-menzel.de/
FiTh Elektrotechnik e.U.,Bach 25,6943,Riefensberg,AT,+43 664 1535535,office@fith-et.at,https://www.fith-et.at/
Elektro-Breitling GmbH,Böblinger Straße 88,71088,Holzgerlingen,DE,+49 7031 7410200,info@elektro-breitling.de,https://www.elektro-breitling.de/
Mayer Elektrotechnik e.K.,Kurze Str. 4,71665,Vaihingen,DE,+49 7042 98498,juergen@mayer-elektrotechnik.de,http://jm-elektrotechnik.de/
Holzbau Binder e.K.,Hofäckerstr. 8,72189,Vöhringen,DE,+49 7454 96730,info@holzbaubinder.de,https://www.holzbaubinder.de/
Elektrotechnik Timo Günther,Neckartailfinger Str. 1,72655,Altdorf,DE,+49 7127 9557033,info@etg-team.de,https://etg-team.de/
Denis Schönberger Elektrotechnik,Hermannsweg 7,73479,Ellwangen,DE,+49 1523 3899312,kontakt@schoenberger-elektro.de,https://www.schoenberger-elektro.de/
Rhein Dienstleistungen,Weidachstr. 1,74189,Weinsberg,DE,+49 7134 5105266,info@rhein-dienstleistungen.de,https://rhein-photovoltaik.de/
ENERGETIC,Geislinger Str. 30,74542,Braunsbach,DE,+49 7906 9408700,,https://energetic-sonne.de/
M2 Elektrotechnik UG,Am Leinwedel 12,74889,Sinsheim - Weiler,DE,,info@m2-elektrotechnik.de,http://m2-elektrotechnik.de/
NOVA Elektroanlagen GmbH,Carl-Zeiss-Str. 3,76275,Ettlingen,DE,+49 7243 54900,info@novanetwork.de,https://www.novanetwork.de/
IBS Ingenieurbüro SCHMID GmbH & Co. KG,Hauptstr. 135,76344,Eggenstein,DE,+49 721 970570,info@ibs-gruppe.de,https://www.ibs-gruppe.de/
GWL-Design,Rielasinger Straße 174,78224,Singen (Hohentwiel),DE,+49 176 42618768,service@gwl-design.de,https://gwl-design.de/
Hans Strom Elektrotechnik GmbH,Liebigstr. 6,78549,Spaichingen,DE,+49 7424 7586,info@strom-elektrotechnik.de,https://strom-elektrotechnik.de/
HOBA Energietechnik GmbH,Am Wegle 1A,79183,Waldkirch,DE,+49 7681 4947878,info@hoba.gmbh,https://hoba.gmbh/
EPUNKT.,Innere Neumatten 21D,79219,Staufen,DE,+49 7633 808880,Info@epunkt.de,https://www.epunkt.de/
Marco Weber Elektrotechnik GmbH,Jörgleweg 13,79271,St. Peter,DE,+49 7660 269,info@weber-elektro.com,https://www.weber-elektro.com/
Gerber-Elektrotechnik GmbH & Co. KG,Alfred-Walz-Straße 21,79312,Emmendingen,DE,+49 7641 92990,info@gerber-elektrotechnik.de,https://www.gerber-elektrotechnik.de/
Kalcher & Loos Elektrotechnik OG,Naintsch 84,8172,Heilbrunn,AT,+43 664 5944583,office@mur-elektrik.at,https://www.mur-elektrik.at/
SF-Elektrotechnik,Hartstraße 69,82110,Germering,DE,+49 171 7643635,info@sf-elektrotechnik.com,https://sf-elektrotechnik.com/
Höppner Elektro & Solar ,Lupinenweg 23,82194,Gröbenzell,DE,+49 8142 580606,hh@hoeppner-elektro.de,https://hoeppner-elektro.de/
Jura Elektro,Gartenweg 5,85135,Petersbuch,DE,+49 8423 9854242,info@jura-elektro.de,https://www.elektro-jura.de/
EBS Elektrotechnik Stefan GmbH,Ludwig-Thoma-Straße 39,85232,Bergkirchen - Unterbachern,DE,+49 8131 3719080,ebs@ebs-elektrotechnik.de,https://www.ebs-elektrotechnik.de/
Bauma Elektro GmbH,Pretzener Weg 25,85435,Erding,DE,+49 8122 9998440,info@bauma-elektro.de,https://bauma-elektro.de/
Nerotec GmbH,Haldenbergerstr. 3,86956,Schongau,DE,+49 8861 84550,info@nerotec.eu,https://nerotec.eu/
Buron Energy Solutions GmbH,Untere Au 5,87600,Kaufbeuren,DE,+49 8341 9754975,info@buron-energy.de,https://www.buron-energy-solutions.de/
Elektrotechnik Nieberle,Bahnhofstr. 2,87677,Stöttwang,DE,+49 176 96121781,elektrotechnik-nieberle@web.de,
M. u. W. Schlecker Elektrische Anlagen GmbH,Scheffeltgasse 3/1,89077,Ulm,DE,+49 731 1405500,info@elektro-schlecker.de,https://www.elektro-schlecker.de/
Elektro Heldele GmbH / W.Pfeiffer,Günzburger Str. 11,89264,Weißenhorn,DE,+49 7309 96240,info@heldele.com,https://www.heldele.com/
Elektro Rausch,Schonhoverstr. 19,90409,Nürnberg,DE,+49 911 565081,info@rausch-elektro.de,https://www.rausch-elektro.de
Simon Konopka,Amalienstraße 50,90419,Nürnberg,DE,+49 911 94059491,info@elektrotechnik-konopka.de,https://www.elektrotechnik-konopka.de/
indiv.solutions GbR,Bahnhofstraße 17a,91578,Leutershausen,DE,+49 9823 9245630,info@indiv-solutions.de,https://www.indiv-solutions.de/
KS ELEKTRO Kontny + Schuhmann GmbH,Gewerbegebiet Ost Nr. 7,92353,Postbauer-Heng,DE,+49 9188 903480,info@ksgmbh.de,https://ksgmbh.de/
DWK Elektrotechnik GmbH,Traindorfstraße 2,92665,Altenstadt,DE,+49 961 20498480,info@dwk-elektrotechnik.de,https://www.kellermann-elektrotechnik.de/
Paul Schmidt GmbH & Co. KG,Gaisbergstr. 5,94469,Deggendorf,DE,+49 991 371390,info@paul-schmidt.de,https://paul-schmidt.de/
Reißner Elektrotechnik e.K.,Grundstraße 61,98701,Großbreitenbach,DE,+49 172 1718388,info@reissner-elektro.de,https://reissner-elektro.de/
Elektrotechnik Birkefeld,Amthof 4,99755,Ellrich,DE,+49 36332 745010,kontakt@elektrotechnik-birkefeld.com,https://elektrotechnik-birkefeld.com/
Elektrofreunde Energietechnik GmbH,Sindlinger Str. 10/4,71131,Jettingen,DE,+49 7452 6311670,info@elektrofreunde.de,https://elektrofreunde.de/
